zipcode,state,region,lat,lon,synthetic_role
90999,CA,West,39.420999077683426,-123.0923733767022,expor
95340,CA,West,35.64974462623001,-117.31489617422575,local
92057,CA,West,35.059022717923234,-118.78350253835218,local
90835,CA,West,37.16447677019844,-120.2577235176817,local
95997,CA,West,36.03910087420102,-118.59657926239244,local
93492,CA,West,36.137935617868614,-118.13848515933074,local
91523,CA,West,36.85246119272338,-117.20209457900678,local
90066,CA,West,34.571298611675275,-117.74318140493128,local
90072,CA,West,35.296054159442456,-121.61300747676455,local
92682,CA,West,35.20993604822407,-121.24169360223662,local
92535,CA,West,37.37294869005036,-118.04942252171128,local
92571,CA,West,35.66294197754852,-124.39416386434094,local
92330,CA,West,35.58395239543901,-119.84009293144368,local
91737,CA,West,36.135477498943835,-118.4310525238094,local
95135,CA,West,36.54089539508324,-119.69157760241278,expor
95726,CA,West,36.64063670728288,-118.95415414817549,expor
93239,CA,West,36.40958520390685,-120.3047707339084,expor
91526,CA,West,36.34256699847981,-120.77452659413211,local
94552,CA,West,37.596707479492935,-120.8185741653029,local
90621,CA,West,36.57774883576462,-121.92847257779732,expor
92480,CA,West,37.149245741077486,-119.05348332475306,local
94553,CA,West,37.48125870135798,-118.08616431776119,hub
92822,CA,West,37.41687130561997,-117.16786239187724,expor
94067,CA,West,36.78692055658175,-122.64953586388332,local
92679,CA,West,37.152329396089996,-118.33136018050037,hub
92834,CA,West,38.03241707392761,-118.58459913095955,hub
91445,CA,West,34.709740012470895,-121.1745307473245,expor
91285,CA,West,37.18145698895512,-117.67931838370838,local
93164,CA,West,36.398458469104746,-116.63766955739314,local
92936,CA,West,35.0222839607342,-120.42603289632405,expor
90357,CA,West,37.03556455329775,-119.894197403928,local
91446,CA,West,37.20070493236475,-120.4610123742473,hub
94295,CA,West,36.242006161767236,-121.73471715755451,expor
92616,CA,West,37.05393571128493,-120.6233163744207,local
90294,CA,West,36.09865699064431,-118.18212254784765,local
93620,CA,West,37.81130234597523,-117.62413401929913,local
90167,CA,West,37.29268550710032,-116.90744555582785,expor
92462,CA,West,36.58379190920648,-117.67475984644477,expor
93932,CA,West,36.58288180123001,-118.25191264206352,local
91536,CA,West,34.57595309185617,-117.83173317477035,local
90058,CA,West,35.91485389588632,-118.72187702165292,local
91524,CA,West,38.55277794116932,-117.27474624020451,local
94115,CA,West,36.9906210545233,-123.31562924525444,local
91748,CA,West,36.55434859345992,-116.29836274582898,local
90757,CA,West,37.486919264931664,-118.19121251511862,local
90967,CA,West,36.16520021247723,-122.04261811566937,hub
94390,CA,West,35.789264337414735,-121.71369234992908,expor
95784,CA,West,35.76821926669615,-120.7501052123935,local
92119,CA,West,37.90706995880658,-118.86193434259471,local
91605,CA,West,36.261356794338305,-120.62739385952479,expor
94039,CA,West,39.132905423202644,-119.052975843049,hub
93198,CA,West,37.9663706777103,-119.33971334339319,local
94592,CA,West,37.35651061214895,-119.46746345000192,local
91407,CA,West,37.08661724158827,-116.7424903795559,local
92866,CA,West,36.21623808751884,-115.9604919951815,local
90102,CA,West,37.51563274501201,-118.96662956574224,local
97251,OR,West,45.51162059222818,-120.38114915709238,expor
97823,OR,West,46.036328079487426,-119.25174601201223,expor
97856,OR,West,44.62515189079939,-119.48764553750745,local
97319,OR,West,44.311608992161986,-122.59600930962378,local
97923,OR,West,44.67871042510083,-121.18799787860631,local
97150,OR,West,42.81995656144185,-122.65183828865435,local
97432,OR,West,46.10059455639973,-121.10445181135184,expor
97627,OR,West,43.20964146193643,-123.54860688956691,hub
97172,OR,West,43.38458306366896,-122.10110339057309,expor
97799,OR,West,43.93693211573404,-121.36927386861365,local
97382,OR,West,45.61487945528665,-117.81516203984434,local
97182,OR,West,45.06521238376525,-120.3176976675764,local
97560,OR,West,45.845778147296635,-125.81056744482014,local
97995,OR,West,45.510452848210946,-120.75007299964997,local
97808,OR,West,43.733119909011734,-120.82399505461551,hub
97610,OR,West,41.46916183373134,-121.33991027968163,local
97969,OR,West,42.216371253926745,-120.14962926422896,local
97080,OR,West,42.841339602608514,-122.12645249983646,local
97363,OR,West,43.80008720236526,-120.54560895689691,local
97256,OR,West,43.91925240152507,-119.27976701159413,local
97994,OR,West,41.30045253203043,-119.23946222209355,local
97479,OR,West,44.64206456252558,-120.96658081116031,hub
97819,OR,West,42.07426707841853,-119.6709080379146,local
97346,OR,West,42.430443473390824,-120.92135743791005,local
97959,OR,West,44.46631835354207,-119.20016883545897,expor
97136,OR,West,44.17680096697038,-122.73856336519324,local
97183,OR,West,43.960158932660455,-119.86346857027068,local
99496,WA,West,44.59527500897281,-120.58263686331742,local
98272,WA,West,47.08958601835481,-120.47405919896647,hub
98901,WA,West,48.66354781246429,-118.20355844849774,expor
98139,WA,West,48.112992604726976,-117.53566163321872,local
99279,WA,West,46.36083725787086,-120.54513351256045,expor
98888,WA,West,46.08523924206773,-119.08888509230731,local
98210,WA,West,47.56695394576397,-118.63467313395135,local
98235,WA,West,46.92209951947918,-121.39817182186677,expor
98506,WA,West,47.46242436345239,-122.62237267496481,local
99361,WA,West,47.01360914476341,-122.41933620705582,local
98500,WA,West,47.35336335578695,-118.49257160941279,local
98593,WA,West,46.49108692388636,-121.1406930723847,local
99127,WA,West,46.853466435860874,-122.88674585407146,local
99180,WA,West,48.638560972655526,-120.41660920423985,local
98633,WA,West,46.36882869071687,-120.08897513464422,local
98521,WA,West,45.5146324695913,-121.06031531561851,local
99205,WA,West,48.120314291388276,-121.06456793973435,local
99310,WA,West,49.913202157380205,-122.17093421639198,local
98351,WA,West,46.68833085670261,-120.69973740228886,local
98855,WA,West,48.33409906009361,-119.33776151259976,local
99208,WA,West,46.672552056283614,-118.9928704435299,local
99142,WA,West,47.702368008548675,-121.99313604853955,expor
98935,WA,West,46.54581452937546,-121.59131760459476,local
98221,WA,West,48.416260104401665,-122.02607000669246,local
98813,WA,West,46.34758853868044,-120.64078001258734,local
98570,WA,West,49.386023366772896,-121.54851782129383,local
98291,WA,West,46.700211002124824,-122.28245237841053,local
99003,WA,West,47.59373769635199,-120.03753266030087,local
98762,WA,West,47.20500832442435,-121.08130892354187,expor
83462,ID,West,43.97441133874027,-114.55807304669605,local
83335,ID,West,43.178095443471335,-112.13450718030556,local
83392,ID,West,45.42314744946505,-116.25750238374552,hub
83434,ID,West,44.68456523208738,-114.84715702972365,local
83322,ID,West,44.88700369070328,-113.43743013886197,expor
83698,ID,West,45.053217596011066,-114.94728951410103,local
83238,ID,West,46.764339155856675,-116.85602115506788,local
83857,ID,West,45.17860292041609,-118.33500822468666,local
83574,ID,West,45.626156780855865,-115.6891453377029,local
83416,ID,West,44.07854500372682,-113.3585080065431,local
83898,ID,West,42.40791271234993,-112.87067649221716,local
83618,ID,West,44.27973511555858,-115.47685169811841,local
83710,ID,West,46.13925901465914,-113.71929509176432,local
83545,ID,West,45.33488249427062,-114.79921657585538,hub
59090,MT,West,47.02760002209633,-112.39868819865274,hub
59004,MT,West,44.94140533867313,-111.82580241669955,local
59476,MT,West,46.324707452656945,-109.07956717918542,local
59901,MT,West,45.175531854176185,-110.12900049702431,local
59015,MT,West,46.962772713861646,-110.06256774161864,local
59746,MT,West,46.67739174011976,-110.34573529998099,local
59875,MT,West,46.87175849672615,-108.96552034298934,local
59459,MT,West,46.223086005044756,-111.1132134183087,local
59210,MT,West,47.38871406110711,-111.33655884144292,local
59675,MT,West,46.11982926462315,-110.67991482745329,local
59834,MT,West,48.41953105958999,-109.40041150579026,local
59127,MT,West,45.75834054500572,-108.75652790220032,expor
59053,MT,West,45.9065784771189,-110.47094436885571,hub
59535,MT,West,43.303887084339244,-107.59375328074334,local
85319,AZ,Southwest,34.27786303667302,-110.30163395185873,hub
85884,AZ,Southwest,33.034722349539486,-113.19420075386343,expor
86358,AZ,Southwest,33.357263343575816,-111.95218424246939,local
86274,AZ,Southwest,33.69240135175172,-112.39734872040886,local
86590,AZ,Southwest,32.88604089227354,-111.25047882985068,local
85658,AZ,Southwest,34.07932619067343,-112.14945891245726,local
85583,AZ,Southwest,33.74329140522432,-111.07383916944947,local
86081,AZ,Southwest,34.36304842203582,-114.66098442164417,local
85357,AZ,Southwest,35.59841974888923,-109.92232686321364,local
86347,AZ,Southwest,34.96700559226815,-112.44469852622223,local
86265,AZ,Southwest,33.056421283732035,-110.68212922612538,expor
85018,AZ,Southwest,34.16999307099002,-114.33666499969249,local
85712,AZ,Southwest,35.09329564359589,-108.20402827759648,expor
85055,AZ,Southwest,32.81969606618209,-113.2305310301626,local
86488,AZ,Southwest,35.2335229551807,-113.51802564202042,local
85305,AZ,Southwest,37.22315435208619,-110.04752242141939,hub
85052,AZ,Southwest,35.53393683739597,-111.611071928139,hub
85476,AZ,Southwest,35.57684336227947,-110.21224927359366,local
85358,AZ,Southwest,34.165384592766536,-109.61089096380479,local
85250,AZ,Southwest,32.91476623339093,-113.3017616276495,local
85041,AZ,Southwest,34.073586697241275,-112.87572096303552,local
80030,CO,Mountain,40.46975562302232,-104.52868902498736,local
81686,CO,Mountain,39.16951538394829,-104.72390263646028,local
81365,CO,Mountain,39.38332231799439,-105.29119130416056,local
81151,CO,Mountain,38.80752302542294,-107.18676739888393,local
80534,CO,Mountain,38.346702956946665,-107.70461069288457,local
80955,CO,Mountain,35.99124343560095,-104.6325093064301,local
81272,CO,Mountain,40.28560353314366,-102.02008601402042,local
80092,CO,Mountain,39.37054199897243,-103.70355638323502,local
80478,CO,Mountain,41.12065213874472,-107.27615397959684,local
80769,CO,Mountain,40.02104375397191,-107.47109429389873,hub
80668,CO,Mountain,38.88485994193296,-102.50434933828939,local
80823,CO,Mountain,40.035840601589804,-105.79585815689083,local
80790,CO,Mountain,40.22346371505792,-104.1209570295624,local
80803,CO,Mountain,38.73035474179829,-102.32461118101821,expor
80007,CO,Mountain,44.02030953791478,-107.74809957774335,local
81383,CO,Mountain,37.40515433356704,-103.80982564643467,local
81147,CO,Mountain,38.04414444465158,-105.50285427530372,local
80891,CO,Mountain,39.08595674119833,-104.26510395920384,local
81245,CO,Mountain,40.35893124084867,-105.85611765503522,local
81463,CO,Mountain,39.2210927040296,-105.96658732348298,local
81108,CO,Mountain,38.692789301520634,-106.05000351790336,local
80798,CO,Mountain,39.780841528250036,-106.48890725924751,local
80404,CO,Mountain,38.929849256631215,-104.55121680060853,expor
81016,CO,Mountain,39.23378347997653,-105.2484064325713,local
80143,CO,Mountain,39.12253599246298,-105.95333960316668,expor
77702,TX,South,30.383323385023207,-101.359409044102,local
77330,TX,South,29.885445964384743,-96.27656017072272,local
75648,TX,South,31.977833140687665,-99.98740502393484,expor
77783,TX,South,31.469801668804177,-98.96818864766118,local
77193,TX,South,28.86991107413844,-95.9176642110895,local
79557,TX,South,30.73414317014297,-98.77684650157582,local
75292,TX,South,32.54696522199739,-99.68592776196189,local
78472,TX,South,31.877360597937123,-98.39601298055665,local
79728,TX,South,32.2773301595515,-97.95446809776512,local
75398,TX,South,32.287101812477985,-99.17703725171552,local
78227,TX,South,32.289208974646805,-98.81027085508521,local
79731,TX,South,32.82156039710941,-100.79123696308095,local
78962,TX,South,31.66026093257699,-98.98970173588364,local
79522,TX,South,29.333782648000316,-99.70951612773756,local
79109,TX,South,30.316361575316364,-100.8938172830889,local
77122,TX,South,32.45148853738466,-98.06407744306091,local
76779,TX,South,32.0875280055275,-95.03860831115291,local
75092,TX,South,31.495539680865,-97.00202025350605,local
76612,TX,South,29.665895773763975,-98.45855659544665,expor
79481,TX,South,32.316627127053245,-97.01172269871245,local
77913,TX,South,31.07866421280113,-99.87990513822565,local
77169,TX,South,29.02886664864987,-100.86688371311008,local
79036,TX,South,30.73919574262251,-98.66775938050307,expor
77760,TX,South,31.77706648583791,-97.9839043650899,local
77253,TX,South,28.890364662595832,-100.86900836244494,local
79104,TX,South,28.6019325889212,-99.83264474359045,expor
76942,TX,South,32.357722546695236,-95.68276888126364,local
76494,TX,South,32.140434770698384,-99.91954856455695,local
79202,TX,South,30.143487410690312,-96.4349382313788,local
77826,TX,South,32.457515667477125,-98.27123154118811,hub
76380,TX,South,30.751784116648842,-98.09764568863798,hub
76397,TX,South,28.5308644389732,-100.05199521971898,local
76107,TX,South,31.544410815997953,-99.46123019248797,hub
77940,TX,South,29.828619706220543,-99.51605775596734,expor
75507,TX,South,29.54310350883867,-98.96667491068648,local
79881,TX,South,30.238226774499054,-103.23191298370115,local
77384,TX,South,30.461880137489157,-96.41212619574141,local
76795,TX,South,30.224163628949984,-99.45609312523177,local
79408,TX,South,31.1951290501427,-99.35268029155442,local
76655,TX,South,29.929543008416527,-97.94950259729752,local
79866,TX,South,31.465185166367963,-97.92316854634481,local
77877,TX,South,28.683829071527057,-99.05168927340371,expor
78665,TX,South,31.357517136188008,-97.64535702028695,local
79577,TX,South,29.269195413056003,-96.71431330886833,local
79853,TX,South,31.769729393525605,-98.09655549606512,hub
78504,TX,South,30.703887965898392,-98.442555526314,local
77263,TX,South,31.057833946820374,-98.46881068519471,local
78939,TX,South,30.962037750646093,-100.58529944973299,local
76556,TX,South,28.794674583948137,-96.31322406341214,local
78194,TX,South,31.711356033013846,-99.99479847098992,local
76460,TX,South,30.694436268608793,-100.25875902864367,local
79183,TX,South,31.174856785577838,-100.81138957866395,local
77929,TX,South,30.655850563612717,-103.35456812904052,local
78463,TX,South,29.982832537008598,-99.16884231106972,local
78828,TX,South,32.397315682387784,-95.43070081597448,local
79713,TX,South,30.14380697858411,-98.43230426353088,local
75477,TX,South,31.82862303834319,-100.67361152101132,local
76841,TX,South,32.65278659118837,-102.01582113072743,local
76891,TX,South,31.24830515627326,-96.4675572576718,local
78253,TX,South,30.910307406066703,-98.36625542614541,local
76625,TX,South,30.85652451791865,-99.16234855740453,local
75980,TX,South,29.503352324247274,-101.96594089891715,expor
76880,TX,South,30.992925292144147,-99.50739734102683,hub
75233,TX,South,31.62516807860851,-97.74711597390943,local
78097,TX,South,31.758133616709753,-100.12358924040137,local
77439,TX,South,31.482619340182357,-97.84636745519737,expor
78445,TX,South,31.654811101633086,-98.22251669394227,expor
77839,TX,South,30.556541096816353,-99.18488607484302,local
78718,TX,South,30.67617075778837,-97.75310308916879,hub
79203,TX,South,32.58872378189513,-97.57673643744582,local
78779,TX,South,32.340258058965574,-99.80511372947929,local
78196,TX,South,29.6148476525719,-103.37536480821343,local
76213,TX,South,32.22368717807319,-100.54781141508576,local
78955,TX,South,31.556157591544412,-97.33081647379622,expor
76371,TX,South,30.405665850022338,-98.72474242831632,local
76725,TX,South,31.225587780943034,-99.06477745865982,local
75853,TX,South,29.5364845431771,-97.82862219239632,local
76414,TX,South,33.07132157645057,-95.20472276372237,local
76840,TX,South,32.44639723997901,-95.99159800413959,local
75376,TX,South,30.412568071172046,-99.87237219242866,local
75788,TX,South,31.234779325407114,-97.32370116413223,expor
77131,TX,South,29.353452162571347,-100.85872971584394,expor
76978,TX,South,30.427772664799846,-99.92561961480605,expor
75916,TX,South,31.136246837177847,-97.77082486985579,local
79487,TX,South,28.070539246273746,-99.1521673945852,local
73021,OK,South,33.72896423958171,-96.83147355376332,expor
74198,OK,South,34.383181616199806,-98.73540912889759,local
74105,OK,South,37.29052564365768,-99.09726022001722,expor
73822,OK,South,35.992258380156215,-97.70033118395718,local
73334,OK,South,37.41034805009399,-100.82194538269232,local
74236,OK,South,35.9655795322643,-98.85203902653565,local
74947,OK,South,35.398687284420824,-100.00525601014928,local
74512,OK,South,36.32573930275635,-99.41063435428039,local
73089,OK,South,34.57289906459874,-95.67238743617024,local
73049,OK,South,34.333335378967405,-93.73879863541696,expor
73468,OK,South,37.244157949250074,-95.76186503189648,local
73920,OK,South,37.36258278736544,-101.5211491517178,local
74173,OK,South,37.10565128863108,-94.58164597060019,expor
74275,OK,South,34.68185095035231,-100.41045503815684,local
73966,OK,South,32.71403920931726,-97.30302912556206,local
74581,OK,South,34.60813543625494,-98.42685099976569,local
73936,OK,South,35.46599699871886,-95.4246616364728,local
73525,OK,South,34.31664338007793,-101.934830147442,local
73039,OK,South,36.76612487268126,-97.26402737942071,local
74629,OK,South,34.32643053508932,-97.7045357285944,local
74085,OK,South,37.39314090654865,-96.12229310838028,local
74133,OK,South,34.57471688917383,-95.59296487355084,local
74917,OK,South,36.37505342681403,-95.41931761868985,hub
74693,OK,South,36.48095378642539,-95.32010825861113,hub
74933,OK,South,35.30917061824544,-97.05021624251663,hub
73517,OK,South,36.40016679823264,-99.62310174243208,local
73369,OK,South,35.588644777514666,-99.19191367855187,local
74230,OK,South,34.099655470253104,-97.6271623425734,local
74267,OK,South,33.91438456173843,-95.52363859137446,local
73703,OK,South,36.19940010799346,-99.59711464087006,expor
74753,OK,South,35.73317020985384,-97.81227232578885,local
73396,OK,South,35.580575705893736,-97.47593762460917,local
67580,KS,Midwest,39.44901588439091,-95.40437087770303,local
67776,KS,Midwest,38.1949447969653,-98.6911289326478,local
67189,KS,Midwest,37.48001979875238,-98.0263944252788,local
66350,KS,Midwest,41.861428666984764,-99.25909664407295,expor
66097,KS,Midwest,37.78954371133175,-97.50339303158911,local
66294,KS,Midwest,39.56276389080107,-97.8961022085349,local
66221,KS,Midwest,38.42050191167365,-98.64062802858797,local
66407,KS,Midwest,37.66125370543915,-97.75925046207053,local
66062,KS,Midwest,36.91196550722445,-99.56303830708421,expor
66473,KS,Midwest,40.63600535305033,-95.4530646144582,local
66257,KS,Midwest,38.140075446144046,-99.67310760400672,expor
66696,KS,Midwest,38.772196568297666,-98.21757976622905,local
67856,KS,Midwest,37.85032526202472,-96.84673787141406,local
67888,KS,Midwest,37.35435929903732,-97.15600995161559,hub
67026,KS,Midwest,39.92609128048658,-99.16836293504802,hub
67201,KS,Midwest,38.91205317819338,-96.92084286459233,local
66353,KS,Midwest,38.17039012136996,-96.87960493818633,local
67627,KS,Midwest,37.433578998251924,-100.78687944544414,local
66825,KS,Midwest,37.74196860718508,-99.32015954057034,local
67278,KS,Midwest,36.12997858362041,-96.84477200916248,local
67631,KS,Midwest,39.71138776369706,-99.65826849330382,local
67994,KS,Midwest,39.290402656659026,-97.19055981846026,local
67453,KS,Midwest,38.41963421065664,-97.23686626335846,local
66997,KS,Midwest,36.59400797771193,-99.28911037272971,local
66291,KS,Midwest,37.662323411298736,-98.66201134890831,local
67558,KS,Midwest,40.55204117669494,-97.25708599208524,local
67827,KS,Midwest,37.61139480515876,-96.83138880191605,local
66731,KS,Midwest,35.64079705319659,-99.14070286403123,local
67690,KS,Midwest,40.188545747636304,-95.42230134074906,expor
66224,KS,Midwest,38.574753238970445,-96.8657821328923,local
67911,KS,Midwest,40.45998005323955,-100.87637776933543,local
67273,KS,Midwest,39.03222239968664,-96.17530921683839,local
66932,KS,Midwest,38.69738217038154,-98.76720364914001,local
67205,KS,Midwest,38.08673921205378,-98.39578778924347,expor
67958,KS,Midwest,38.814099713977626,-96.25189632893779,local
67769,KS,Midwest,36.180367943064496,-100.25058631959868,local
66429,KS,Midwest,39.1165726474297,-97.19750210127002,expor
66555,KS,Midwest,36.436658633300084,-94.1710985228666,expor
67433,KS,Midwest,39.35877640776882,-95.69931432142049,local
67547,KS,Midwest,36.86016017444468,-98.5499215739656,local
66802,KS,Midwest,37.64860996847664,-96.82864629908762,local
66871,KS,Midwest,39.093003650191136,-102.89912832317731,local
66950,KS,Midwest,39.54659368062157,-98.91630394474947,local
67956,KS,Midwest,39.54433553133915,-100.34659327032536,local
66220,KS,Midwest,37.72603247692395,-97.63155223847126,expor
66983,KS,Midwest,39.59435728931838,-97.92534691727305,local
66552,KS,Midwest,37.156508696064066,-97.73335590199854,expor
68735,NE,Midwest,39.43798791669618,-100.46208342376312,local
68434,NE,Midwest,39.647452600541165,-99.53235843577305,local
68920,NE,Midwest,39.88243484824954,-100.9845178016782,expor
68526,NE,Midwest,40.609938154265606,-98.69577690463018,local
68792,NE,Midwest,40.941202949071574,-98.20028627487021,local
68686,NE,Midwest,43.61952468910713,-98.95095046117339,local
68529,NE,Midwest,40.51148461780812,-98.58187189179225,local
68360,NE,Midwest,44.512457908635355,-100.79374557838194,local
68155,NE,Midwest,38.73816591270651,-99.20166985767854,local
68966,NE,Midwest,42.89495045445339,-100.75606283390913,local
68206,NE,Midwest,39.75410684047624,-97.96422235914777,local
68566,NE,Midwest,41.91595721055808,-101.93655034771714,hub
68513,NE,Midwest,41.3021385786246,-101.755389089423,local
68707,NE,Midwest,39.95797186847286,-98.41566081759778,local
68620,NE,Midwest,42.81364374347212,-99.91817702607574,expor
68596,NE,Midwest,41.480651109060105,-99.95864481997789,hub
69227,NE,Midwest,39.12863848290387,-102.92525362486886,expor
69043,NE,Midwest,39.41516025242768,-97.82518288313229,local
68737,NE,Midwest,40.283967619603956,-101.27761088852792,expor
69233,NE,Midwest,44.1706169803954,-101.18791396967691,local
68851,NE,Midwest,39.05104024381064,-98.1062092056485,local
68216,NE,Midwest,41.28757110051056,-96.48944818279541,expor
68487,NE,Midwest,40.802766288322054,-97.74922131740797,local
69398,NE,Midwest,41.46096278510692,-97.68686631074125,local
68226,NE,Midwest,43.03131081142192,-101.01544490813185,local
69359,NE,Midwest,41.430460763721214,-103.1499430660694,local
68807,NE,Midwest,42.56473017286067,-95.58584713066107,local
68873,NE,Midwest,41.61624649637822,-100.56068992545774,local
68431,NE,Midwest,41.197131211706335,-102.15359299803218,local
68052,NE,Midwest,42.59711056672058,-100.7801690334525,local
68450,NE,Midwest,39.96382738412421,-101.42477332276977,local
68907,NE,Midwest,42.33895227136001,-98.93850834995082,local
68534,NE,Midwest,40.46718042519354,-97.97882579174293,local
68827,NE,Midwest,39.28361275042934,-99.79550031026045,local
69237,NE,Midwest,41.85794238253644,-96.95307552835257,local
69065,NE,Midwest,40.44558887537654,-101.63539086132967,local
68015,NE,Midwest,43.760648686962746,-101.50866567061068,expor
69005,NE,Midwest,40.63779729481858,-99.51254746662693,expor
68609,NE,Midwest,40.176054339296904,-97.91579221407162,local
57109,SD,Midwest,44.06763088779321,-102.12625500808498,expor
57764,SD,Midwest,44.604933474349544,-98.40196608196304,local
57580,SD,Midwest,44.32526891781413,-102.66185178177709,local
57432,SD,Midwest,45.36676068533808,-100.8777472295616,hub
57342,SD,Midwest,43.79686895426812,-97.48947502614263,local
57076,SD,Midwest,45.76833106447329,-100.49559940282714,local
57671,SD,Midwest,43.09926448015867,-100.52283008797082,local
57193,SD,Midwest,42.808802089444534,-100.4516751122646,local
57043,SD,Midwest,44.56889851038996,-104.33649594824894,local
57088,SD,Midwest,44.36041917136383,-100.45539369958796,local
57007,SD,Midwest,43.371515105695906,-101.44976411144087,local
57080,SD,Midwest,45.36293946208138,-102.54122358151304,local
57660,SD,Midwest,43.191897146218444,-99.41310596153068,local
57627,SD,Midwest,46.571421434270775,-102.42456016756364,hub
57183,SD,Midwest,43.67355738186975,-97.34702256060618,local
57644,SD,Midwest,46.60443414821053,-100.40601100656852,local
57159,SD,Midwest,45.071094687621766,-101.17577998256539,local
57636,SD,Midwest,45.15584601450544,-99.39143111509004,local
57325,SD,Midwest,45.018601135522935,-100.71206874514169,expor
57026,SD,Midwest,45.68925806568145,-99.18814802570489,local
57010,SD,Midwest,43.79242728481666,-99.50459164348058,local
57434,SD,Midwest,43.7161717688278,-100.67816678869113,local
57721,SD,Midwest,45.085155548608974,-96.42071215253365,hub
58856,ND,Midwest,47.39017179544647,-100.16875996179365,expor
58648,ND,Midwest,46.36337471294863,-102.0026832124752,local
58617,ND,Midwest,48.732729803631436,-96.7369651147575,local
58075,ND,Midwest,46.95023376590172,-103.01897395331979,expor
58339,ND,Midwest,48.68652288723894,-101.1881314694399,expor
58760,ND,Midwest,46.816464529960626,-98.50496919637791,local
58656,ND,Midwest,47.96222895290895,-101.82749289754943,expor
58039,ND,Midwest,48.04852255909409,-99.98655274103122,hub
58099,ND,Midwest,48.22437675427967,-98.56040215810361,local
58080,ND,Midwest,47.076923031270056,-100.72188488787926,local
58358,ND,Midwest,46.14346008620655,-101.89522798886503,local
58843,ND,Midwest,47.135474018281236,-103.23738294042431,local
58705,ND,Midwest,48.70868182200622,-100.97269842189019,local
58244,ND,Midwest,48.45455468408102,-103.32022080363369,local
56345,MN,Midwest,43.190715464387345,-94.21867105002963,local
55776,MN,Midwest,46.55128467702511,-95.83765642357943,local
56479,MN,Midwest,45.82997918725734,-97.3523818063713,local
56268,MN,Midwest,48.43340905590535,-94.7533705816346,local
56123,MN,Midwest,45.63465508455421,-94.60164254429472,expor
56256,MN,Midwest,45.200236249798095,-91.48431512888273,expor
55890,MN,Midwest,45.35922514046312,-96.27279559878882,local
55179,MN,Midwest,47.519837648512244,-94.38085961846856,expor
55598,MN,Midwest,47.57188603324274,-98.88217662221881,local
55606,MN,Midwest,45.44324327900507,-93.62600076423489,local
56510,MN,Midwest,46.297999261242246,-92.18675712670864,hub
55234,MN,Midwest,47.40192464151626,-93.54786062660678,local
56663,MN,Midwest,47.550311909078744,-95.84743874168583,local
55485,MN,Midwest,43.34382302229518,-95.14015711897919,local
55515,MN,Midwest,46.500798820085876,-92.48703619567526,local
55208,MN,Midwest,47.36380528974784,-95.14939257398245,hub
55454,MN,Midwest,47.87850218072305,-93.20106756861593,expor
55686,MN,Midwest,46.014288521533885,-92.78743416266563,local
56429,MN,Midwest,46.485165095615365,-94.05715081830678,local
55877,MN,Midwest,45.193122806812816,-96.64648360297797,local
55422,MN,Midwest,49.27800639272901,-93.71005481123666,expor
55874,MN,Midwest,43.60507678673916,-93.28758425126523,local
56495,MN,Midwest,45.47373114199349,-94.42543443769043,hub
56098,MN,Midwest,46.140403075949756,-95.40876030743401,local
55337,MN,Midwest,46.44156861286787,-94.68480794802547,hub
55729,MN,Midwest,47.647001564478586,-94.69429086054208,local
55588,MN,Midwest,44.43629696331192,-95.5977453146315,hub
52800,IA,Midwest,41.63438383492444,-91.18548824752911,local
51375,IA,Midwest,42.05725994567991,-92.23634500809547,local
51644,IA,Midwest,40.60857303674824,-93.74022898275311,expor
51386,IA,Midwest,42.891381769952325,-93.17575681824368,local
52689,IA,Midwest,41.42726835659482,-90.73332186482777,local
50022,IA,Midwest,40.68733418227527,-93.51948335470682,local
51704,IA,Midwest,42.57276229074591,-90.62306024688175,expor
50265,IA,Midwest,41.85326793244276,-93.97185369899144,local
52818,IA,Midwest,41.2731383269989,-92.21301732091665,local
51589,IA,Midwest,43.63487562415125,-93.86235342748822,local
51562,IA,Midwest,41.858991838843174,-93.39240175116387,local
50896,IA,Midwest,42.580950170185865,-93.70474459793247,local
51345,IA,Midwest,40.269711934834724,-95.57338563315771,hub
52730,IA,Midwest,39.853657797365024,-93.57968778647442,hub
50889,IA,Midwest,42.76523905491696,-95.08696300790298,expor
51613,IA,Midwest,43.34560814174254,-94.42652146235208,expor
52294,IA,Midwest,43.37243482913378,-93.8992818611505,hub
52015,IA,Midwest,42.42460515494682,-93.57373135144803,local
51028,IA,Midwest,42.04078635137344,-93.16474801121144,local
52834,IA,Midwest,41.2922723500159,-97.84143878730268,local
50023,IA,Midwest,43.072885335781656,-93.46408551379584,local
52514,IA,Midwest,41.34092680124978,-95.50519327737963,hub
50490,IA,Midwest,42.106440857695034,-90.43296739455197,local
52377,IA,Midwest,41.723874426634126,-94.94708881135763,expor
50551,IA,Midwest,41.753257052782736,-90.54346462887719,local
50263,IA,Midwest,41.92943784433881,-92.59955239573813,local
52098,IA,Midwest,42.2514867039136,-93.294663500895,local
51382,IA,Midwest,43.923614857225274,-95.36502150623403,expor
50345,IA,Midwest,41.50165174121103,-95.36115625517968,local
52344,IA,Midwest,44.106290673848136,-95.49748073637427,expor
50616,IA,Midwest,43.60231250077064,-95.81876886083434,local
52472,IA,Midwest,42.85144169464917,-94.84707942002582,local
51769,IA,Midwest,42.241584614662536,-93.66864826624185,local
51820,IA,Midwest,42.9268284308012,-92.98609757152455,expor
50857,IA,Midwest,42.64116380210416,-94.80840166661467,local
52245,IA,Midwest,41.98465176110398,-94.3051974299983,hub
51963,IA,Midwest,42.04187001883339,-89.3183328794901,local
51515,IA,Midwest,40.568684248516966,-91.2384716940264,local
52236,IA,Midwest,41.792371973089686,-93.18624587383839,local
51915,IA,Midwest,41.30107767145646,-94.44773022655401,expor
50871,IA,Midwest,38.72503264643814,-94.6168263624936,local
51163,IA,Midwest,41.57441353620534,-93.93287767618476,local
52162,IA,Midwest,40.301229474733965,-96.73855140642677,expor
51739,IA,Midwest,41.06787182872875,-90.65737954241779,local
52227,IA,Midwest,41.666111487969104,-93.4408376607532,expor
51621,IA,Midwest,43.67786730640899,-96.35434013741816,expor
51539,IA,Midwest,43.19625266504274,-92.79789981967801,local
52894,IA,Midwest,42.74653151172462,-93.8038419203452,local
50505,IA,Midwest,44.94469247823515,-93.3458827373037,expor
52388,IA,Midwest,39.95699179103595,-94.8454031399585,local
52411,IA,Midwest,43.4522371039196,-91.00722660417526,local
64521,MO,Midwest,39.17591684668926,-90.76980871986227,local
63148,MO,Midwest,37.47791114186604,-95.46845268631667,local
64578,MO,Midwest,38.38634537689391,-91.1053952042626,local
63743,MO,Midwest,40.373433349018384,-90.20428865961702,local
65558,MO,Midwest,36.61578513251416,-94.9126646643223,local
64275,MO,Midwest,37.17511367022782,-90.93011217636413,local
64335,MO,Midwest,36.30373534153331,-91.66415501925383,local
64463,MO,Midwest,37.39332729396637,-91.54547623355904,local
65892,MO,Midwest,40.02975315972603,-93.47286651932293,local
65119,MO,Midwest,38.78416413998785,-91.37689290993204,local
64096,MO,Midwest,37.614417987860605,-91.51094467113137,local
64186,MO,Midwest,40.59207685974552,-89.50304222088442,local
63899,MO,Midwest,37.92381500725438,-93.54010782411193,expor
63231,MO,Midwest,37.66922132028621,-92.85808964150124,local
65037,MO,Midwest,36.51607331380701,-92.86508937929806,local
63414,MO,Midwest,36.71987545286303,-91.7786490506113,local
63694,MO,Midwest,39.61047482381138,-92.22652505766476,local
63338,MO,Midwest,37.28136071796904,-93.47020583597326,local
65319,MO,Midwest,37.85045557265158,-93.99455382143913,local
63334,MO,Midwest,37.00542083790696,-93.35425895396153,local
64177,MO,Midwest,37.72246552270495,-91.11656994319368,local
65865,MO,Midwest,37.311282466171754,-92.23850726572475,local
64900,MO,Midwest,39.007580631100986,-96.18678831927065,expor
64201,MO,Midwest,36.683615159698846,-94.0062291311927,local
63446,MO,Midwest,38.498116088483286,-90.2587588623926,local
64283,MO,Midwest,38.095683936671584,-90.62326465711575,local
64499,MO,Midwest,37.29872613428582,-95.2998908411593,local
63294,MO,Midwest,38.145127201004776,-92.21244104366995,expor
65859,MO,Midwest,39.721666483666546,-93.38053611189044,local
65483,MO,Midwest,37.03741423237959,-92.1422312469244,local
64667,MO,Midwest,40.58827950476463,-96.27774248114048,local
64435,MO,Midwest,36.75133807277159,-93.56084221776752,local
65220,MO,Midwest,39.8345055611699,-88.78764544241314,local
63033,MO,Midwest,38.73089427434561,-93.94896052611526,expor
65165,MO,Midwest,41.1469706261027,-96.98181870596336,local
65857,MO,Midwest,39.694842526159995,-92.3833624494701,local
53278,WI,Midwest,47.218205311023475,-92.93784490075353,local
53459,WI,Midwest,45.359856387410595,-91.1247570842166,local
54741,WI,Midwest,45.46459584666132,-89.5559853015437,local
54331,WI,Midwest,43.008470134716795,-93.3486371250854,local
54695,WI,Midwest,44.34594883101835,-87.26282566350307,local
54898,WI,Midwest,43.15405152331421,-92.77595926628389,local
53935,WI,Midwest,45.46077573162707,-89.11097690342241,expor
54992,WI,Midwest,45.57122686134824,-90.97302760835204,expor
53254,WI,Midwest,44.119026985425855,-89.50448618443914,expor
53458,WI,Midwest,46.07072759603809,-93.15277316127353,local
54221,WI,Midwest,44.93826399389668,-90.19527744907585,local
53679,WI,Midwest,44.120776682955025,-88.86332456632489,hub
54596,WI,Midwest,45.491137197686115,-90.86622790490449,expor
54734,WI,Midwest,43.62990443230079,-85.95515113546675,local
53477,WI,Midwest,44.1546142319976,-91.77735994503777,hub
54262,WI,Midwest,46.4574190902697,-88.27295688589788,local
54195,WI,Midwest,43.67005505411377,-89.68854594643841,expor
53826,WI,Midwest,45.822752281859366,-90.43496992215755,local
54810,WI,Midwest,43.93596861939749,-87.2750264033574,expor
54401,WI,Midwest,44.606659993889046,-87.89220838943172,expor
53502,WI,Midwest,45.16051607342232,-87.51527529549296,local
54795,WI,Midwest,45.474271112695135,-85.537863203863,expor
54316,WI,Midwest,46.30488506178637,-89.15388410005903,local
53324,WI,Midwest,45.78513713814665,-86.9028044390423,hub
53941,WI,Midwest,44.6209140424592,-90.60934970948236,hub
54971,WI,Midwest,43.69446421218758,-89.74600231039085,hub
53647,WI,Midwest,49.10947642529019,-90.39679442464994,local
54466,WI,Midwest,43.31584079366772,-88.47179043907762,expor
53507,WI,Midwest,45.944161842202114,-92.76707768186853,local
53782,WI,Midwest,45.49527181311114,-88.49096367208487,local
53332,WI,Midwest,44.62265477064232,-89.25058403983154,local
54877,WI,Midwest,46.521497836566006,-89.27237904339474,local
54943,WI,Midwest,45.324201552925764,-88.51003425371596,local
54913,WI,Midwest,41.769156380690816,-90.49213364849089,local
54936,WI,Midwest,44.225520755969995,-90.31756042745543,expor
54212,WI,Midwest,44.79203082100808,-90.3301910921133,expor
53513,WI,Midwest,44.48079360587684,-89.06033032565351,local
54065,WI,Midwest,44.38146712540742,-89.14985348085347,local
54848,WI,Midwest,43.83539751110125,-90.75483306147048,local
61215,IL,Midwest,37.4247518405881,-85.90579047742806,local
62628,IL,Midwest,41.84248889056932,-91.3064481752279,local
61157,IL,Midwest,39.38986124439795,-91.23619655847835,local
60290,IL,Midwest,39.56681756681171,-91.36209809909462,local
61272,IL,Midwest,39.72646745143206,-90.65373986771787,local
60857,IL,Midwest,41.01906870668301,-89.65235663838303,local
60774,IL,Midwest,39.99952902754349,-88.79043076671249,local
62185,IL,Midwest,40.2684644110877,-91.28197800070046,hub
60668,IL,Midwest,40.95558827847225,-90.45044018545471,local
62847,IL,Midwest,38.76001558504815,-90.6051539173906,local
61213,IL,Midwest,39.846541817225884,-88.92694293631163,local
60299,IL,Midwest,41.003846641342356,-86.9135868301026,local
62933,IL,Midwest,38.45023256544704,-89.37854802330378,local
62434,IL,Midwest,41.1151386836904,-87.19910629650896,local
62254,IL,Midwest,39.662921641359986,-87.82581763818747,local
61097,IL,Midwest,41.53463655469105,-88.37690975659852,local
61844,IL,Midwest,40.22554710874648,-88.4355467596935,local
61371,IL,Midwest,39.43675917995272,-89.6021238149996,local
62121,IL,Midwest,40.64405573416706,-89.66047863263934,local
62957,IL,Midwest,40.0959270711275,-92.07748135537744,local
62259,IL,Midwest,39.42087063117823,-88.01237317452403,local
62441,IL,Midwest,38.2020038380928,-88.59648940479855,local
62152,IL,Midwest,39.81348937163008,-85.7886629313223,local
61523,IL,Midwest,40.25807950457836,-88.18056908476524,local
60847,IL,Midwest,41.23304514537678,-85.0295562867408,local
61167,IL,Midwest,39.045193020293766,-90.92227056634002,local
62344,IL,Midwest,39.95898250771106,-88.47187731700167,local
61111,IL,Midwest,39.60036355407748,-89.31060783053391,expor
61964,IL,Midwest,40.67099716941542,-90.49855472809733,expor
62244,IL,Midwest,39.222607518649916,-89.42348417719137,local
60202,IL,Midwest,40.375600761426554,-91.2535331920562,expor
61013,IL,Midwest,40.074656196136985,-88.83492243737626,local
46065,IN,Midwest,39.517860392864314,-86.96918640576241,local
47051,IN,Midwest,39.392852867861166,-85.9425423557386,expor
46061,IN,Midwest,39.854176140946585,-86.62520261795314,local
47118,IN,Midwest,40.833159364278146,-85.29208509069078,local
46962,IN,Midwest,39.033290283726586,-86.34308250846206,local
46612,IN,Midwest,40.154755702524966,-85.74171636694206,local
46117,IN,Midwest,40.09765323891054,-87.15076815677553,expor
46797,IN,Midwest,39.74599916993776,-84.36331773720183,local
46638,IN,Midwest,39.584019069677765,-87.72472835391105,expor
47794,IN,Midwest,42.241486131326916,-81.59387140586331,expor
46406,IN,Midwest,40.04935625232357,-88.36205393255712,local
46124,IN,Midwest,40.663536027720184,-85.77654446118801,local
47247,IN,Midwest,37.5190820239573,-88.0057456649513,local
46279,IN,Midwest,40.821450370661516,-89.39469965044971,local
46776,IN,Midwest,38.63776098423123,-85.948174396484,local
46246,IN,Midwest,41.05317323846611,-87.34566036888052,local
47748,IN,Midwest,41.9838669910875,-88.1003346424239,local
46753,IN,Midwest,43.60186556517691,-87.41347514350362,local
47401,IN,Midwest,39.843737199430535,-85.62238234032533,local
46853,IN,Midwest,42.29589091237337,-83.432542406938,expor
46715,IN,Midwest,38.82731444630338,-85.08439430952173,local
47898,IN,Midwest,40.46490217746118,-88.34575860298513,local
46657,IN,Midwest,38.508614699791316,-87.84321083047432,local
46380,IN,Midwest,41.633911037914146,-86.78150829994175,local
46617,IN,Midwest,42.358585463625104,-86.10462546464215,expor
49694,MI,Midwest,43.71905871676689,-83.49172848195,local
49371,MI,Midwest,46.81228392098484,-82.22946528909016,local
48029,MI,Midwest,43.21321285886818,-85.3368397469755,local
49580,MI,Midwest,42.593557868158996,-83.80314306091968,local
48939,MI,Midwest,44.54271217532505,-85.97909616334091,hub
49932,MI,Midwest,44.549974323070806,-83.77524145262622,local
48404,MI,Midwest,44.43212727117657,-85.21035196445482,expor
48578,MI,Midwest,44.203972253242824,-84.28718975889858,local
48155,MI,Midwest,44.267390483227,-84.80959398411699,expor
48286,MI,Midwest,43.84354590328345,-84.67293203944352,local
49349,MI,Midwest,45.166096470549114,-84.92755301124156,local
49986,MI,Midwest,43.61998170118889,-83.45522477874806,local
48388,MI,Midwest,43.057417907567924,-86.28982547751502,local
49879,MI,Midwest,44.367048891596774,-82.72261044765574,expor
48873,MI,Midwest,43.52185077797525,-86.4594367145237,local
48455,MI,Midwest,43.915538433456106,-87.18716624784776,local
48302,MI,Midwest,44.42269153140237,-81.80950945298254,local
48749,MI,Midwest,42.931519902773424,-87.34654233765502,local
49591,MI,Midwest,43.7111689146311,-87.66495557265988,expor
48174,MI,Midwest,41.731225127687274,-87.25451395679114,local
49527,MI,Midwest,43.376763181367885,-81.19863180692869,local
48114,MI,Midwest,44.891105292751995,-83.29705733799582,local
49697,MI,Midwest,45.29842785705999,-84.84531126623006,hub
48964,MI,Midwest,43.82687741094446,-87.93476225283356,local
48560,MI,Midwest,41.92153376624556,-84.38683084844139,expor
43147,OH,Midwest,39.510523422849936,-79.44177479332546,expor
43671,OH,Midwest,38.34726526030063,-79.43125510197434,local
44507,OH,Midwest,40.8307168465877,-82.48117867375824,local
45009,OH,Midwest,39.720070300736154,-80.14128980768652,local
44227,OH,Midwest,37.876947181258245,-82.40663395888915,local
44598,OH,Midwest,40.808758443117014,-84.36720637045218,local
45974,OH,Midwest,42.17128176372652,-83.99850440740774,local
45480,OH,Midwest,38.68889439401158,-81.89595454943054,local
43122,OH,Midwest,40.42700523399148,-81.53921396115484,hub
45746,OH,Midwest,39.652963643649876,-84.71546999654129,local
44398,OH,Midwest,39.34464242526612,-86.26565770429207,local
44727,OH,Midwest,41.526802146614614,-84.25613228115847,local
45228,OH,Midwest,39.59157687827475,-80.99279772927773,hub
44777,OH,Midwest,40.3092966056926,-82.12708274948056,expor
43744,OH,Midwest,37.99094316814857,-85.49562709317442,local
45729,OH,Midwest,38.88844945283947,-80.29306533987682,local
45688,OH,Midwest,41.59394886380503,-83.68350627651209,local
44051,OH,Midwest,41.1712429697272,-81.9983036252189,local
45487,OH,Midwest,43.217078927157594,-79.73064554144541,local
43503,OH,Midwest,41.95577652594744,-80.47541983271454,local
45428,OH,Midwest,41.60754255450589,-82.39484206462515,local
43009,OH,Midwest,39.69291214693365,-79.95709557214315,local
45046,OH,Midwest,41.66317574262916,-80.3526575357688,local
43692,OH,Midwest,38.71223367410903,-82.16372170335033,local
43819,OH,Midwest,39.585542784361664,-82.24201387964027,local
44712,OH,Midwest,40.65344919949333,-82.39348216236966,local
45597,OH,Midwest,39.52108300049221,-82.3494863690633,expor
43384,OH,Midwest,40.77843402515118,-81.49291582756972,local
45766,OH,Midwest,40.60866481449444,-85.28696829119178,local
15741,PA,Northeast,41.36298284681467,-78.16234408414198,local
15877,PA,Northeast,42.045125812085075,-77.99759389333688,local
15536,PA,Northeast,41.7738027942653,-76.87343719285064,local
17635,PA,Northeast,41.40172249097158,-78.67781266636779,local
16435,PA,Northeast,41.89518508749717,-79.02836143229783,local
19554,PA,Northeast,41.11208010952581,-76.00874932087999,local
16988,PA,Northeast,40.77714936841225,-77.3577556001796,hub
18483,PA,Northeast,40.77730660496929,-79.40418914784455,expor
18248,PA,Northeast,39.73898717040514,-76.24105740733013,local
18149,PA,Northeast,42.61668690614785,-77.78730357806788,local
17622,PA,Northeast,42.77028014757008,-79.56194923898096,local
18330,PA,Northeast,41.09992328512076,-76.92400106107702,hub
15340,PA,Northeast,40.001514612281454,-78.17111101381579,local
19001,PA,Northeast,41.14177983469349,-76.47203948563713,local
16627,PA,Northeast,40.83043663572385,-76.13806407269587,local
19686,PA,Northeast,39.70894359343133,-79.23669399828336,expor
16451,PA,Northeast,42.410073660952776,-77.70779442149231,local
17124,PA,Northeast,41.993636888478115,-77.74203827695862,local
17829,PA,Northeast,40.5223282739327,-76.45083653922636,hub
19030,PA,Northeast,41.15338337526434,-77.55333972746104,local
15795,PA,Northeast,40.66829273639026,-75.03373854112587,local
15331,PA,Northeast,41.962745031572425,-78.01665187963272,local
16237,PA,Northeast,40.29319057432138,-80.07742660267819,expor
10050,NY,Northeast,42.67325417377157,-73.77487233821604,expor
10516,NY,Northeast,42.57126795023466,-75.72096158050641,expor
10087,NY,Northeast,43.11919435021458,-74.17774217501338,local
11633,NY,Northeast,42.69650509466133,-78.38102924161294,local
13364,NY,Northeast,42.18679669503143,-75.44145668222632,local
14142,NY,Northeast,42.952073263665966,-76.35093317993152,local
14767,NY,Northeast,42.03163812695818,-76.6712145249161,expor
11993,NY,Northeast,41.88755023367296,-77.95325770236413,local
14327,NY,Northeast,43.572972217133426,-77.65373663084166,local
11682,NY,Northeast,43.87922307288269,-75.9902409535152,local
12318,NY,Northeast,45.18896546676772,-77.39892827610075,local
14613,NY,Northeast,44.21408732410273,-79.81752901693802,local
11543,NY,Northeast,43.11101847145728,-74.0327593300029,local
10848,NY,Northeast,42.54832948267272,-76.14594442011636,local
11353,NY,Northeast,44.10120573746968,-75.31680446089692,local
12518,NY,Northeast,42.14490461720753,-74.43579382706616,local
13314,NY,Northeast,43.09252220868625,-75.67827076371265,local
12670,NY,Northeast,42.68547095921502,-75.89908774246783,local
10047,NY,Northeast,42.07713874047845,-79.28858989226423,local
14795,NY,Northeast,43.59105181652929,-73.80446804652186,local
13101,NY,Northeast,42.685396430534105,-74.03137321605976,local
40291,KY,South,37.60892556324163,-84.98362397999524,local
40848,KY,South,36.57901376925888,-83.8873735082092,local
42261,KY,South,38.15870841633442,-88.11607212609032,local
41198,KY,South,37.418828002326656,-85.26121794762145,local
41542,KY,South,38.143257115761315,-84.17063066222286,local
42640,KY,South,39.022755127090335,-86.64044860776637,expor
40638,KY,South,37.5154533148344,-88.39609310565373,expor
40974,KY,South,38.88256575025887,-83.96996298365295,local
41392,KY,South,37.74856432739333,-82.63158902575361,local
41193,KY,South,33.93429960108093,-88.50594507391553,expor
40175,KY,South,36.37263978103961,-86.92563480893538,local
42612,KY,South,38.75455061184064,-86.18453104488339,local
41147,KY,South,38.21801954249431,-83.2619386494751,hub
40139,KY,South,37.622181211200385,-86.0537590069905,local
40683,KY,South,38.15676160638052,-86.78509035455924,expor
41645,KY,South,35.16135090023616,-84.61421832552378,local
40285,KY,South,41.03243525066116,-83.96194028211063,hub
40520,KY,South,37.95288700173554,-84.69956375128622,local
41480,KY,South,39.456308838290795,-86.83268957465356,local
41115,KY,South,36.63174812459008,-82.48103396709901,local
40753,KY,South,36.89205311259812,-84.8629188733743,local
40296,KY,South,38.454257991307024,-83.50769430825837,local
40896,KY,South,35.77359504418929,-84.47372759347532,local
37218,TN,South,35.10767435456324,-87.89514569355067,local
37531,TN,South,38.11071757056103,-85.67199580152136,hub
38009,TN,South,35.05017506460844,-86.34350810772405,local
37743,TN,South,36.01212793042932,-85.66207567700295,local
37253,TN,South,33.90438225441157,-87.92792988684327,local
37956,TN,South,31.13408840756603,-87.33014835106863,local
37455,TN,South,34.010547975634054,-87.55941669660692,local
38007,TN,South,33.752439811476464,-87.41061514696368,local
37247,TN,South,38.16843659585522,-87.1506307561504,local
37987,TN,South,34.51568058132407,-86.7938023014567,local
38080,TN,South,34.612725093024736,-87.9873593813766,local
37606,TN,South,36.16523213059652,-87.44265746418604,local
38370,TN,South,34.825265795233356,-86.07092559159129,local
38290,TN,South,34.28164931545355,-86.47011311994292,local
38036,TN,South,35.75906068446748,-87.97542935395283,local
38390,TN,South,35.34112801015175,-86.81706968546271,local
38443,TN,South,36.24514052450984,-85.2187409955096,local
37239,TN,South,34.81058683627409,-86.48697852693091,local
38533,TN,South,36.311999560854225,-86.37345131273939,expor
38540,TN,South,35.17796185766297,-83.36980944624696,local
37109,TN,South,36.71461195110803,-86.10682055152276,local
31859,GA,South,32.772064388310675,-82.96993336733534,local
31690,GA,South,34.36172265611613,-86.23036459140043,local
30398,GA,South,33.437606151513386,-82.58813168969668,expor
31575,GA,South,35.05326526796181,-81.60428388325764,local
31652,GA,South,33.996166983409815,-83.62628101861714,local
31100,GA,South,34.771322648128894,-84.41363130514206,hub
31589,GA,South,34.08143131773881,-80.58428473877814,local
31381,GA,South,31.459410429152374,-82.51650108775843,local
30930,GA,South,33.41339388069185,-85.97478446200665,hub
30964,GA,South,32.24742454069055,-86.62652016164783,hub
31240,GA,South,32.39364206709609,-87.66927043558987,local
31134,GA,South,32.997815966744334,-83.44330488112233,local
31994,GA,South,32.40362324407076,-84.01317012213264,local
30703,GA,South,31.820190844406294,-82.39368798795586,local
31227,GA,South,34.64974640977873,-81.2795069461913,local
30058,GA,South,32.30747417710008,-82.71180096045869,local
31771,GA,South,33.98474345073617,-83.3869963863997,local
31823,GA,South,33.10139772380673,-83.02630245080019,local
31511,GA,South,34.96005405751627,-81.1723425469853,local
31899,GA,South,32.67747713712599,-85.00945344364261,local
34450,FL,South,29.35045004020885,-82.66379824830469,hub
34681,FL,South,29.45370424348794,-79.96005613347805,expor
33646,FL,South,28.436023358833236,-78.23297444360708,local
33974,FL,South,28.562834291491395,-81.37688690893974,local
34534,FL,South,28.37013890165673,-81.81324203900152,expor
33367,FL,South,28.858869548148597,-83.53179124126818,local
34613,FL,South,27.22912110584074,-80.9811784792189,expor
32577,FL,South,28.92909271786402,-80.68027351508559,expor
33462,FL,South,28.226468084981807,-81.60526387688346,local
34654,FL,South,27.34530300733871,-80.53228717266522,local
33076,FL,South,27.502871048031086,-82.63702814450626,local
32849,FL,South,27.882066710659586,-81.36066575928041,local
33361,FL,South,28.484934455788913,-81.44158808513922,expor
33329,FL,South,26.904889342223978,-84.26613250314372,local
33185,FL,South,27.571437583085213,-81.31615189530808,expor
32175,FL,South,28.32120078925057,-80.3287154954564,local
34834,FL,South,28.395298974553835,-79.53603520046245,local
34365,FL,South,27.078426299327713,-84.46104664219028,local
28752,NC,South,35.86563831421683,-80.24885671566526,local
28868,NC,South,35.35173133883187,-80.14500548279395,local
28461,NC,South,38.61441499698032,-77.41619311723915,local
27050,NC,South,35.79944793169006,-78.19206147023378,local
27541,NC,South,36.000668627782346,-81.28819655236866,local
28255,NC,South,36.140566432819604,-79.30477312691751,expor
28199,NC,South,34.8907325476523,-79.36128976057296,local
28740,NC,South,35.10114720440243,-78.90901689632068,local
28741,NC,South,35.412901669494325,-78.64776459159731,local
27941,NC,South,35.948357416250005,-78.17856278886872,local
27694,NC,South,34.14556272874996,-78.57582853085961,hub
27493,NC,South,36.22789851048597,-81.73222768715124,local
28798,NC,South,37.96268942790793,-81.73868091357113,expor
28841,NC,South,33.930002642345485,-81.60603868075563,hub
28898,NC,South,36.6124184467977,-76.6299330571309,local
27682,NC,South,35.37254705944714,-77.7926746816016,local
28530,NC,South,36.74377537717773,-78.31679137125639,local
27538,NC,South,37.15516658714295,-79.1232356342661,local
23569,VA,South,35.23366300243822,-81.07496755415809,local
23844,VA,South,38.970379675115296,-81.06770938016886,local
22339,VA,South,37.14189950817945,-79.37638776609971,expor
24529,VA,South,38.234888669168576,-76.1075729886302,local
24126,VA,South,37.94727114737681,-80.68546857152695,local
22988,VA,South,36.049477774607695,-78.57377701633729,local
24526,VA,South,36.45696646459034,-82.14927167487467,local
24085,VA,South,39.199611085192416,-81.0064389143945,local
24301,VA,South,35.89775291024967,-77.70723549534875,local
22634,VA,South,35.49009718221418,-77.81687439748629,local
23012,VA,South,36.755488503626005,-77.92722298609173,local
23997,VA,South,38.16950582771725,-75.76189638498562,local
22136,VA,South,36.63774775135649,-76.3074366101897,local
23516,VA,South,38.77241270065064,-79.32291964423585,expor
24316,VA,South,38.59017310806687,-78.09963464040538,expor
22010,VA,South,36.75925013717561,-82.09511519171545,hub
